hash	size	type	file
00c447d9abaca533c056b8667d90e323bde27596	5347	text	_recovered_unmatched/00c447d9abaca533c056b8667d90e323bde27596.txt
020c11e14ac9c064fa160c43055ed2ea6086dc26	5193	text	_recovered_unmatched/020c11e14ac9c064fa160c43055ed2ea6086dc26.txt
0ec0ec52bd2fe6eeac732e85d550684f0422480c	2799	text	_recovered_unmatched/0ec0ec52bd2fe6eeac732e85d550684f0422480c.txt
0f620d786e70ea10312606dc5b23790fad74b678	304	text	_recovered_unmatched/0f620d786e70ea10312606dc5b23790fad74b678.txt
2281100e7ebbd8fb20aea1046f490642026b9e53	2851	text	_recovered_unmatched/2281100e7ebbd8fb20aea1046f490642026b9e53.txt
2377ad19bd994cfbbe379c30afcbd129e43bb62a	167	text	_recovered_unmatched/2377ad19bd994cfbbe379c30afcbd129e43bb62a.txt
26762b4e3cd9355a7a83549553e130f75daf0b69	7706	text	_recovered_unmatched/26762b4e3cd9355a7a83549553e130f75daf0b69.txt
317603258845cbc2b4ba33c4c50717492a075f70	5820	text	_recovered_unmatched/317603258845cbc2b4ba33c4c50717492a075f70.txt
349ffd534af947c8a5c9f8db288c9e345f5e57c7	587	text	_recovered_unmatched/349ffd534af947c8a5c9f8db288c9e345f5e57c7.txt
378dea4bdd7b2f71e325494f1807649efe6fcb29	35421	text	_recovered_unmatched/378dea4bdd7b2f71e325494f1807649efe6fcb29.txt
3b44c9c5baf3d62c48b0c6a734b6ff0de3afb29b	3281	text	_recovered_unmatched/3b44c9c5baf3d62c48b0c6a734b6ff0de3afb29b.txt
3fd0221768270a44f4dea045e4d5c4ee58870371	3605	text	_recovered_unmatched/3fd0221768270a44f4dea045e4d5c4ee58870371.txt
445be37928c802be7e80ef9ae468a1328f7b4e68	993	text	_recovered_unmatched/445be37928c802be7e80ef9ae468a1328f7b4e68.txt
4b0137fe8952db61dc60b1f95c49f8b2a30d1d77	4267	text	_recovered_unmatched/4b0137fe8952db61dc60b1f95c49f8b2a30d1d77.txt
4b8ac6d206a6c91af6ac7f3a25a6e27b45baaca6	2237	text	_recovered_unmatched/4b8ac6d206a6c91af6ac7f3a25a6e27b45baaca6.txt
4f838cd0a516d4b6c55c7b1693f7ebd527fcc608	1488	text	_recovered_unmatched/4f838cd0a516d4b6c55c7b1693f7ebd527fcc608.txt
5034b7dd36c4bbb9b93fdfa6659159461eb3d4ca	4063	text	_recovered_unmatched/5034b7dd36c4bbb9b93fdfa6659159461eb3d4ca.txt
55dfe6d87d716d1251300896a07316d1c3ce2b18	715	text	_recovered_unmatched/55dfe6d87d716d1251300896a07316d1c3ce2b18.txt
5a820ddebdc751652598c3cfc91c4c80ebfd5ad4	163	text	_recovered_unmatched/5a820ddebdc751652598c3cfc91c4c80ebfd5ad4.txt
6553ad408905f706c47d665824f0bbfee3f3abe9	1764	text	_recovered_unmatched/6553ad408905f706c47d665824f0bbfee3f3abe9.txt
68d94770eccad17e3694752613efd3e1418c58cd	6630	text	_recovered_unmatched/68d94770eccad17e3694752613efd3e1418c58cd.txt
72ec3b0fb2739fc97d1826e5f8eb140b421a9cda	1404	text	_recovered_unmatched/72ec3b0fb2739fc97d1826e5f8eb140b421a9cda.txt
73506d244b76b50e44a205a5b8006fc6b3b148db	2878	text	_recovered_unmatched/73506d244b76b50e44a205a5b8006fc6b3b148db.txt
74713f43d6782fe73e7e6da7c1ae3c8b28ebf657	2232	text	_recovered_unmatched/74713f43d6782fe73e7e6da7c1ae3c8b28ebf657.txt
761128767bf3ea0c4fe6a310c75bb77c738b0b4d	3206	text	_recovered_unmatched/761128767bf3ea0c4fe6a310c75bb77c738b0b4d.txt
78898c896131cc381c9b0cf9a103f9144efa598a	5176	text	_recovered_unmatched/78898c896131cc381c9b0cf9a103f9144efa598a.txt
7fabb17deae2cf7f2d47ece0b7d882bbba226085	3012	text	_recovered_unmatched/7fabb17deae2cf7f2d47ece0b7d882bbba226085.txt
8162547af8f5631a1e1ea0e60eea9de445f7f7ff	2626	text	_recovered_unmatched/8162547af8f5631a1e1ea0e60eea9de445f7f7ff.txt
8e75baed21f9ea05d12d936beb5ee27a76f79a91	22584	text	_recovered_unmatched/8e75baed21f9ea05d12d936beb5ee27a76f79a91.txt
8e8910102f808a73a11f91c07f11ca75f8ca239a	304	text	_recovered_unmatched/8e8910102f808a73a11f91c07f11ca75f8ca239a.txt
910a0ef28dd08bbbb01fb6e2f94dbc3947e52fe1	411	text	_recovered_unmatched/910a0ef28dd08bbbb01fb6e2f94dbc3947e52fe1.txt
989eb9b15a9e4f787c54023c1c99e6a0bc8dd95c	13352	text	_recovered_unmatched/989eb9b15a9e4f787c54023c1c99e6a0bc8dd95c.txt
9b71cce81065214d8ecc5b1be81a94ab2685c5ef	7582	text	_recovered_unmatched/9b71cce81065214d8ecc5b1be81a94ab2685c5ef.txt
9bbf3a8531ffb6a4869b53fc2d3261cde697ff9e	14841	text	_recovered_unmatched/9bbf3a8531ffb6a4869b53fc2d3261cde697ff9e.txt
9f7a8153f299dd9d7cfe79caeb72bd904fd8d506	1992	text	_recovered_unmatched/9f7a8153f299dd9d7cfe79caeb72bd904fd8d506.txt
a4a129e9a86e20d531c90567f3d797e57fcc8c9a	957	text	_recovered_unmatched/a4a129e9a86e20d531c90567f3d797e57fcc8c9a.txt
addc0e4c0cc82a8e52b83bfaa724841e272eaf4a	172	text	_recovered_unmatched/addc0e4c0cc82a8e52b83bfaa724841e272eaf4a.txt
b708070fe6fc9b7354a3c3a2fc8cc98d26639c40	5032	text	_recovered_unmatched/b708070fe6fc9b7354a3c3a2fc8cc98d26639c40.txt
bf4d6c841494e4e458f643999f37fe1d7c052302	4775	text	_recovered_unmatched/bf4d6c841494e4e458f643999f37fe1d7c052302.txt
c67494c6c85848acf7399d7628c86397d581ae15	24425	text	_recovered_unmatched/c67494c6c85848acf7399d7628c86397d581ae15.txt
c913d67e534589e18591b3d11a0aa68802f0d43d	2662	text	_recovered_unmatched/c913d67e534589e18591b3d11a0aa68802f0d43d.txt
c9311beb63c5e8083f3ca8fbe3acf610d7ccfaa8	1441	text	_recovered_unmatched/c9311beb63c5e8083f3ca8fbe3acf610d7ccfaa8.txt
c95cc041cc4066d177ea5a3e2aba55f56d64012f	4535	text	_recovered_unmatched/c95cc041cc4066d177ea5a3e2aba55f56d64012f.txt
d1d8e6ced40ba149c5979748fd2bf4edf85952a0	6229	text	_recovered_unmatched/d1d8e6ced40ba149c5979748fd2bf4edf85952a0.txt
d30593e39bf9ea16fe85149026d4c18795716c84	3254	text	_recovered_unmatched/d30593e39bf9ea16fe85149026d4c18795716c84.txt
d399781a25f31a556e5ed429e35af7bc43a852e5	2217	text	_recovered_unmatched/d399781a25f31a556e5ed429e35af7bc43a852e5.txt
d7a567776d6a543eb5f50c8a28a157f904fd9f7c	1389	text	_recovered_unmatched/d7a567776d6a543eb5f50c8a28a157f904fd9f7c.txt
db6adfd8c8912e2fdc5b5a7ef0f55ccf9f534518	5113	text	_recovered_unmatched/db6adfd8c8912e2fdc5b5a7ef0f55ccf9f534518.txt
e0d918c70f97449ff9d9e8aa049e3779342f6694	18112	text	_recovered_unmatched/e0d918c70f97449ff9d9e8aa049e3779342f6694.txt
e36dda0dcc4e1541d00ca86975b9165759958678	166	text	_recovered_unmatched/e36dda0dcc4e1541d00ca86975b9165759958678.txt
e5e2dc41745fc2fcf06f2b875a72acb5a8c5006a	270	text	_recovered_unmatched/e5e2dc41745fc2fcf06f2b875a72acb5a8c5006a.txt
e8359a918b13ac8d1dac678d790f3db3829a17e7	207	text	_recovered_unmatched/e8359a918b13ac8d1dac678d790f3db3829a17e7.txt
ed07538a72420e07920e99520fea19e85eb833de	676	text	_recovered_unmatched/ed07538a72420e07920e99520fea19e85eb833de.txt
f434b14154e57ea50fd9a2e7f0db22dceab085c8	237	text	_recovered_unmatched/f434b14154e57ea50fd9a2e7f0db22dceab085c8.txt
f4df1c3b12e76a566f6fe5c94fcfe3778fb46589	5114	text	_recovered_unmatched/f4df1c3b12e76a566f6fe5c94fcfe3778fb46589.txt
fa8d4fbe912e363224d3bd438af92106ba404ec1	9889	text	_recovered_unmatched/fa8d4fbe912e363224d3bd438af92106ba404ec1.txt
fc4e960575f9579a497619a4f96968307979ed67	229	text	_recovered_unmatched/fc4e960575f9579a497619a4f96968307979ed67.txt
